ACX1000,ACX1000
ACX1100,ACX1100
ACX2000,ACX2000
ACX2100,ACX2100
ACX2200,ACX2200
ACX4000,ACX4000
ACX500,ACX500
ACX5048,ACX5048
AMX1100,AMX1100
BIOS Validation,Zero Touch Support
EX-XRE200,EX-XRE200
EX-XRE200-AC,EX-XRE200
EX-XRE200-DC,EX-XRE200
EX2200,EX2200
EX2200-12T-2G,EX2200
EX2200-24P-4G,EX2200
EX2200-24P-4G-TAA,EX2200
EX2200-24T-4G,EX2200
EX2200-24T-4G-DC,EX2200
EX2200-24T-4G-TAA,EX2200
EX2200-48P-4G,EX2200
EX2200-48P-4G-TAA,EX2200
EX2200-48T-4G,EX2200
EX2200-48T-4G-TAA,EX2200
EX2200-C,EX2200
EX220012P2G,EX2200
EX220024TDC4G,EX2200
EX2200C12P2G,EX2200
EX2200C12T2G,EX2200
EX2500,EX2500
EX3200,EX3200
EX3200-24P,EX3200
EX3200-24P-TAA,EX3200
EX3200-24T,EX3200
EX3200-24T-DC,EX3200
EX3200-48P,EX3200
EX3200-48P-TAA,EX3200
EX3200-48T,EX3200
EX3200-48T-DC,EX3200
EX3200-48T-TAA,EX3200
EX3300,EX3300
EX330024P,EX3300
EX330024T,EX3300
EX330024TDC,EX3300
EX330048P,EX3300
EX330048T,EX3300
EX330048TBF,EX3300
EX4200,EX4200
EX4200-24F,EX4200
EX4200-24F-DC,EX4200
EX4200-24F-TAA,EX4200
EX4200-24P,EX4200
EX4200-24P-DC,EX4200
EX4200-24P-TAA,EX4200
EX4200-24PX,EX4200
EX4200-24T,EX4200
EX4200-24T-DC,EX4200
EX4200-24T-TAA,EX4200
EX4200-48F-DC,EX4200
EX4200-48P,EX4200
EX4200-48P-DC,EX4200
EX4200-48P-TAA,EX4200
EX4200-48PX,EX4200
EX4200-48T,EX4200
EX4200-48T-DC,EX4200
EX4200-48T-TAA,EX4200
EX4200-VC,EX4200
EX4300,EX4300
EX4300-24T,EX4300
EX4300-48P,EX4300
EX430024P,EX4300
EX430032F,EX4300
EX430048T,EX4300
EX4500,EX4500
EX4500-40F,EX4500
EX4500-40F-BF,EX4500
EX4500-40F-BF-C,EX4500
EX4500-40F-DC-C,EX4500
EX4500-40F-FB,EX4500
EX4500-40F-FB-C,EX4500
EX4500-40F-VC1-BF,EX4500
EX4500-40F-VC1-DC,EX4500
EX4500-40F-VC1-FB,EX4500
EX4550,EX4550
EX4550-32F,EX4550
EX455032F,EX4550
EX455032FAFI,EX4550
EX455032FAFO,EX4550
EX455032FDCAFO,EX4550
EX455032T,EX4550
EX455032TAFO,EX4550
EX4600,EX4600
EX4600-40F,EX4600
EX6200-48P,EX6200
EX6200-48T,EX6200
EX6210,EX6210
EX8200,EX8200
EX8200-40XS-ES,EX8200
EX8200-48F,EX8200
EX8200-48F-ES,EX8200
EX8200-48T,EX8200
EX8200-48T-ES,EX8200
EX8200-8XS,EX8200
EX8200-8XS-ES,EX8200
EX8208,EX8208
EX8216,EX8216
EX9200,EX9200
EX9204,EX9204
EX9208,EX9208
EX9214,EX9214
EX9216,EX9216
EX9808,EX9808
FIREFLY-PERIMETER,vSRX
J2300,J2300
J2320,J2320
J2320-JB-SC,J2320
J2320-JH,J2320
J2350,J2350
J2350-JB-SC,J2350
J2350-JB-SC-N-TAA,J2350
J2350-JH,J2350
J2350-JH-DC-N-TAA,J2350
J2350-JH-N-TAA,J2350
J4300,J4300
J4350,J4350
J6300,J6300
J6350,J6350
JSR2350,J2350
JSR4350,J4350
JSR6350,J6350
JUNOSVFIREFLY,vSRX
LN1000-V,LN1000
LN1000-V-RTM,LN1000
LN2600,LN2600
M10,M10
M10i,M10i
M120,M120
M160,M160
M20,M20
M320,M320
M40,M40
M40e,M40e
M5,M5
M7i,M7i
MX10,MX10
MX104,MX104
MX10T,MX10
MX20,MX20
MX200,MX200
MX2010,MX2010
MX2020,MX2020
MX216,MX216
MX240,MX240
MX2800,MX2800
MX320,MX320
MX40,MX40
MX40-T,MX40
MX480,MX480
MX5,MX5
MX8,MX8
MX80,MX80
MX80-48T,MX80
MX80-T,MX80
MX800R,MX800
MX80P,MX80
MX960,MX960
MXR2,MXR2
OCX1100-32QX,OCX1100
OCX1100-48SX,OCX1100
PTX3000,PTX3000
PTX5000,PTX5000
PTX9000,PTX9000
QFX1000272Q,QFX10002
QFX3000G,QFX3000
QFX3000M,QFX3000
QFX3008,QFX3008
QFX3008-I,QFX3008
QFX3100,QFX3100
QFX3500,QFX3500
QFX3500S,QFX3500
QFX3600,QFX3600
QFX3600-16Q,QFX3600
QFX3600-16QS,QFX3600
QFX3600-I,QFX3600
QFX5100,QFX5100
QFX510024Q2P,QFX5100
QFX510048C6Q,QFX5100
QFX510048S6Q,QFX5100
QFX510048S6QF,QFX5100
QFX510048T6Q,QFX5100
QFX510048T6QF,QFX5100
QFX510096S8Q,QFX5100
SRX 100,SRX 100
SRX 110,SRX 110
SRX 1400,SRX 1400
SRX 210,SRX 210
SRX 210 MGW,SRX 210
SRX 220,SRX 220
SRX 220 MGW,SRX 220
SRX 220H,SRX 220
SRX 240,SRX 240
SRX 240 MGW,SRX 240
SRX 3400,SRX 3400
SRX 3600,SRX 3600
SRX 550,SRX 550
SRX 5600,SRX 5600
SRX 5800,SRX 5800
SRX 650,SRX 650
SRX100B,SRX 100
SRX100H,SRX 100
SRX100H2,SRX 100
SRX100HM,SRX 100
SRX100LM,SRX 100
SRX100WLHM,SRX 100
SRX110H-VB,SRX 110
SRX110H2-VA,SRX 110
SRX110H2-VB,SRX 110
SRX110HVA,SRX 110
SRX210B,SRX 210
SRX210BE,SRX 210
SRX210H,SRX 210
SRX210HE,SRX 210
SRX210HE2,SRX 210
SRX210HE2POE,SRX 210
SRX210HEPOE,SRX 210
SRX210HM,SRX 210
SRX210HPM,SRX 210
SRX210HPOE,SRX 210
SRX210LM,SRX 210
SRX210POE,SRX 210
SRX220H2,SRX 220
SRX220H2-POE,SRX 220
SRX220HPM,SRX 220
SRX220HPOE,SRX 220
SRX240B,SRX 240
SRX240B2,SRX 240
SRX240H,SRX 240
SRX240H-POE-TAA,SRX 240
SRX240H-TAA,SRX 240
SRX240H2,SRX 240
SRX240H2-DC,SRX 240
SRX240H2POE,SRX 240
SRX240HDC,SRX 240
SRX240HM,SRX 240
SRX240HPM,SRX 240
SRX240HPOE,SRX 240
SRX240LM,SRX 240
SRX240POE,SRX 240
SRX5400,SRX 5400
SRX550-645AP,SRX 550
SRX550-645DP,SRX 550
SRX650-BASE-SRE6-645AP,SRX 650
SRX650-BASE-SRE6-645DP,SRX 650
T1600,T1600
T320,T320
T4000,T4000
T640,T640
TX-Matrix,TX-Matrix
TX-Matrix Plus,TXP
TXP,TXP
VJX1000,VJX1000
VMX,VMX
VRR,VRR
VSRX,vSRX
